,account
0,ACC-1598451071
1,ACC-1222300524
2,ACC-1037050564
3,ACC-1608363396
4,ACC-2776252858
5,ACC-182446574
6,ACC-602667573
7,ACC-2171593283
8,ACC-588564840
9,ACC-1496451953
10,ACC-1903037542
11,ACC-2014856841
12,ACC-4163822186
13,ACC-3954677887
14,ACC-4258502723
15,ACC-2890243754
16,ACC-3481401842
17,ACC-2615038700
18,ACC-966140392
19,ACC-354106658
20,ACC-1443681913
21,ACC-1710017148
22,ACC-2673069055
23,ACC-3485804958
24,ACC-3100725361
25,ACC-1990648130
26,ACC-154431271
27,ACC-3689607373
28,ACC-721712940
29,ACC-1799207998
30,ACC-2107684084
31,ACC-2173390920
32,ACC-1243371644
33,ACC-1683215619
34,ACC-2901672282
35,ACC-1652235822
36,ACC-414431115
37,ACC-1334819143
38,ACC-3541460373
39,ACC-1650504218
40,ACC-3326339947
41,ACC-3879258709
42,ACC-2249586092
43,ACC-3827517394
44,ACC-958000567
45,ACC-2305712452
46,ACC-38923874
47,ACC-819621312
48,ACC-1973887809
49,ACC-1516130869
50,ACC-1056639002
51,ACC-1279356312
52,ACC-4065652575
53,ACC-4059612845
54,ACC-2920611728
55,ACC-1349834573
56,ACC-854938045
57,ACC-574997646
58,ACC-2153562714
59,ACC-90814749
60,ACC-964839203
61,ACC-80388494
62,ACC-3881031190
63,ACC-4281711154
64,ACC-3536132544
65,ACC-1217063613
66,ACC-3771436525
67,ACC-2897221629
68,ACC-2988263882
69,ACC-37709441
70,ACC-1523339231
71,ACC-3021093232
72,ACC-2270192619
73,ACC-211792489
74,ACC-2231965366
75,ACC-2259139624
76,ACC-847145727
77,ACC-2828321672
78,ACC-3084464802
79,ACC-1788473090
80,ACC-559365433
81,ACC-1438600314
82,ACC-4274272854
83,ACC-2681137560
84,ACC-2970114956
85,ACC-2674800293
86,ACC-3941181087
87,ACC-53508546
88,ACC-1344825761
89,ACC-1890605467
90,ACC-1424176027
91,ACC-3317636250
92,ACC-3741880913
93,ACC-2265520058
94,ACC-1199531521
95,ACC-2528867619
96,ACC-2650850707
97,ACC-1998563091
98,ACC-3233697971
99,ACC-240804743
